user1,The Boys,play
user1,Coco,play
user1,Breaking Bad,play
user1,Soul,play
user1,The Mandalorian,play
user1,The Queen's Gambit,play
user1,The Crown,play
user1,The Umbrella Academy,play
user1,The Witcher,play
user1,The Old Guard,play
user1,The Haunting of Hill House,play
user1,The Haunting of Bly Manor,play
user1,Dexter,play
user1,True Detective,play
user1,The Boys,play
user1,The Boys,play
user2,The Boys,play
user2,The Crown,play
user2,The Witcher,play
user2,The Old Guard,play
user2,The Haunting of Hill House,play
user2,The Haunting of Bly Manor,play
user3,The Boys,play
user3,The Crown,play
user3,The Witcher,play
user3,The Old Guard,play
